Name,Author,User Rating,Reviews,Price,Year,Genre,Rank
The Help,Kathryn Stockett,4.8,13871,6,2009,Fiction,1
Where the Wild Things Are,Maurice Sendak,4.8,9967,13,2009,Fiction,2
"The Last Olympian (Percy Jackson and the Olympians, Book 5)",Rick Riordan,4.8,4628,7,2009,Fiction,3
Diary of a Wimpy Kid: The Last Straw (Book 3),Jeff Kinney,4.8,3837,15,2009,Fiction,4
Watchmen,Alan Moore,4.8,3829,42,2009,Fiction,5
Liberty and Tyranny: A Conservative Manifesto,Mark R. Levin,4.8,3828,15,2009,Non Fiction,6
"Dog Days (Diary of a Wimpy Kid, Book 4) (Volume 4)",Jeff Kinney,4.8,3181,12,2009,Fiction,7
"Mastering the Art of French Cooking, Vol. 2",Julia Child,4.8,2926,27,2009,Non Fiction,8
Have a Little Faith: A True Story,Mitch Albom,4.8,1930,4,2009,Non Fiction,9
The 5000 Year Leap,W. Cleon Skousen,4.8,1680,12,2009,Non Fiction,10
The Love Dare,Stephen Kendrick,4.8,1655,13,2009,Non Fiction,11
"Twilight (The Twilight Saga, Book 1)",Stephenie Meyer,4.7,11676,9,2009,Fiction,12
The Guernsey Literary and Potato Peel Pie Society,Mary Ann Shaffer,4.7,8587,10,2009,Fiction,13
The Girl Who Played with Fire (Millennium),Stieg Larsson,4.7,7251,16,2009,Fiction,14
Eclipse (Twilight Sagas),Stephenie Meyer,4.7,5505,7,2009,Fiction,15
Eclipse (Twilight),Stephenie Meyer,4.7,5505,18,2009,Fiction,16
The Last Lecture,Randy Pausch,4.7,4028,9,2009,Non Fiction,17
The Twilight Saga Collection,Stephenie Meyer,4.7,3801,82,2009,Fiction,18
Crazy Love: Overwhelmed by a Relentless God,Francis Chan,4.7,1542,14,2009,Non Fiction,19
Sookie Stackhouse,Charlaine Harris,4.7,973,25,2009,Fiction,20
The Book of Basketball: The NBA According to The Sports Guy,Bill Simmons,4.7,858,53,2009,Non Fiction,21
The Shack: Where Tragedy Confronts Eternity,William P. Young,4.6,19720,8,2009,Fiction,22
Outliers: The Story of Success,Malcolm Gladwell,4.6,10426,20,2009,Non Fiction,23
"Breaking Dawn (The Twilight Saga, Book 4)",Stephenie Meyer,4.6,9769,13,2009,Fiction,24
The 7 Habits of Highly Effective People: Powerful Lessons in Personal Change,Stephen R. Covey,4.6,9325,24,2009,Non Fiction,25
New Moon (The Twilight Saga),Stephenie Meyer,4.6,5680,10,2009,Fiction,26
"Act Like a Lady, Think Like a Man: What Men Really Think About Love, Relationships, Intimacy, and Commitment",Steve Harvey,4.6,5013,17,2009,Non Fiction,27
The Five Dysfunctions of a Team: A Leadership Fable,Patrick Lencioni,4.6,3207,6,2009,Non Fiction,28
Going Rogue: An American Life,Sarah Palin,4.6,1636,6,2009,Non Fiction,29
Dead And Gone: A Sookie Stackhouse Novel (Sookie Stackhouse/True Blood),Charlaine Harris,4.6,1541,4,2009,Fiction,30
"Glenn Beck's Common Sense: The Case Against an Out-of-Control Government, Inspired by Thomas Paine",Glenn Beck,4.6,1365,11,2009,Non Fiction,31
"I, Alex Cross",James Patterson,4.6,1320,7,2009,Fiction,32
The Five Love Languages: How to Express Heartfelt Commitment to Your Mate,Gary Chapman,4.6,803,9,2009,Non Fiction,33
Arguing with Idiots: How to Stop Small Minds and Big Government,Glenn Beck,4.6,798,5,2009,Non Fiction,34
"Divine Soul Mind Body Healing and Transmission System: The Divine Way to Heal You, Humanity, Mother Earth, and Allâ€¦",Zhi Gang Sha,4.6,37,6,2009,Non Fiction,35
"Publication Manual of the American Psychological Association, 6th Edition",American Psychological Association,4.5,8580,46,2009,Non Fiction,36
Good to Great: Why Some Companies Make the Leap and Others Don't,Jim Collins,4.5,3457,14,2009,Non Fiction,37
"Super Freakonomics: Global Cooling, Patriotic Prostitutes, and Why Suicide Bombers Should Buy Life Insurance",Steven D. Levitt,4.5,1583,18,2009,Non Fiction,38
Eat This Not That! Supermarket Survival Guide: The No-Diet Weight Loss Solution,David Zinczenko,4.5,720,1,2009,Non Fiction,39
True Compass: A Memoir,Edward M. Kennedy,4.5,438,15,2009,Non Fiction,40
The Girl with the Dragon Tattoo (Millennium Series),Stieg Larsson,4.4,10559,2,2009,Fiction,41
The Time Traveler's Wife,Audrey Niffenegger,4.4,3759,6,2009,Fiction,42
The Tipping Point: How Little Things Can Make a Big Difference,Malcolm Gladwell,4.4,3503,9,2009,Non Fiction,43
Under the Dome: A Novel,Stephen King,4.3,6740,20,2009,Fiction,44
Three Cups of Tea: One Man's Mission to Promote Peace - One School at a Time,Greg Mortenson,4.3,3319,11,2009,Non Fiction,45
"Eat This, Not That! Thousands of Simple Food Swaps that Can Save You 10, 20, 30 Pounds--or More!",David Zinczenko,4.3,956,14,2009,Non Fiction,46
The Lost Symbol,Dan Brown,4.2,8747,19,2009,Fiction,47
Olive Kitteridge,Elizabeth Strout,4.2,4519,12,2009,Fiction,48
StrengthsFinder 2.0,Gallup,4,5069,17,2009,Non Fiction,49
The Elegance of the Hedgehog,Muriel Barbery,4,1859,11,2009,Fiction,50
"Unbroken: A World War II Story of Survival, Resilience, and Redemption",Laura Hillenbrand,4.8,29673,16,2010,Non Fiction,1
The Help,Kathryn Stockett,4.8,13871,6,2010,Fiction,2
"The Last Olympian (Percy Jackson and the Olympians, Book 5)",Rick Riordan,4.8,4628,7,2010,Fiction,3
"The Lost Hero (Heroes of Olympus, Book 1)",Rick Riordan,4.8,4506,14,2010,Fiction,4
"The Ugly Truth (Diary of a Wimpy Kid, Book 5)",Jeff Kinney,4.8,3796,12,2010,Fiction,5
"Towers of Midnight (Wheel of Time, Book Thirteen)",Robert Jordan,4.8,2282,21,2010,Fiction,6
Percy Jackson and the Olympians Paperback Boxed Set (Books 1-3),Rick Riordan,4.8,548,2,2010,Fiction,7
The Hunger Games,Suzanne Collins,4.7,32122,14,2010,Fiction,8
Catching Fire (The Hunger Games),Suzanne Collins,4.7,22614,11,2010,Fiction,9
The Art of Racing in the Rain: A Novel,Garth Stein,4.7,11813,10,2010,Fiction,10
The Immortal Life of Henrietta Lacks,Rebecca Skloot,4.7,9289,13,2010,Non Fiction,11
The Girl Who Kicked the Hornet's Nest (Millennium Trilogy),Stieg Larsson,4.7,7747,14,2010,Fiction,12
The Girl Who Played with Fire (Millennium Series),Stieg Larsson,4.7,7251,9,2010,Fiction,13
The Big Short: Inside the Doomsday Machine,Michael Lewis,4.7,3536,17,2010,Non Fiction,14
The 5 Love Languages: The Secret to Love That Lasts,Gary Chapman,4.7,3477,28,2010,Non Fiction,15
Radical: Taking Back Your Faith from the American Dream,David Platt,4.7,1985,9,2010,Non Fiction,16
Crazy Love: Overwhelmed by a Relentless God,Francis Chan,4.7,1542,14,2010,Non Fiction,17
Sh*t My Dad Says,Justin Halpern,4.7,1265,11,2010,Non Fiction,18
"Barefoot Contessa, How Easy Is That?: Fabulous Recipes & Easy Tips",Ina Garten,4.7,615,21,2010,Non Fiction,19
Outliers: The Story of Success,Malcolm Gladwell,4.6,10426,20,2010,Non Fiction,20
Cutting for Stone,Abraham Verghese,4.6,4866,11,2010,Fiction,21
Sarah's Key,Tatiana de Rosnay,4.6,3619,10,2010,Fiction,22
The Five Dysfunctions of a Team: A Leadership Fable,Patrick Lencioni,4.6,3207,6,2010,Non Fiction,23
"The Red Pyramid (The Kane Chronicles, Book 1)",Rick Riordan,4.6,2186,12,2010,Fiction,24
Decision Points,George W. Bush,4.6,2137,17,2010,Non Fiction,25
The Short Second Life of Bree Tanner: An Eclipse Novella (The Twilight Saga),Stephenie Meyer,4.6,2122,0,2010,Fiction,26
Switch: How to Change Things When Change Is Hard,Chip Heath,4.6,1907,13,2010,Non Fiction,27
"Delivering Happiness: A Path to Profits, Passion, and Purpose",Tony Hsieh,4.6,1651,15,2010,Non Fiction,28
"The Road to Serfdom: Text and Documents--The Definitive Edition (The Collected Works of F. A. Hayek, Volume 2)",F. A. Hayek,4.6,1204,14,2010,Non Fiction,29
A Patriot's History of the United States: From Columbus's Great Discovery to the War on Terror,Larry Schweikart,4.6,460,2,2010,Non Fiction,30
Mockingjay (The Hunger Games),Suzanne Collins,4.5,26741,8,2010,Fiction,31
"Publication Manual of the American Psychological Association, 6th Edition",American Psychological Association,4.5,8580,46,2010,Non Fiction,32
Good to Great: Why Some Companies Make the Leap and Others Don't,Jim Collins,4.5,3457,14,2010,Non Fiction,33
Life,Keith Richards,4.5,2752,18,2010,Non Fiction,34
Drive: The Surprising Truth About What Motivates Us,Daniel H. Pink,4.5,2525,16,2010,Non Fiction,35
"Broke: The Plan to Restore Our Trust, Truth and Treasure",Glenn Beck,4.5,471,8,2010,Non Fiction,36
George Washington's Sacred Fire,Peter A. Lillback,4.5,408,20,2010,Non Fiction,37
The Girl with the Dragon Tattoo (Millennium Series),Stieg Larsson,4.4,10559,2,2010,Fiction,38
Food Rules: An Eater's Manual,Michael Pollan,4.4,1555,9,2010,Non Fiction,39
"Game Change: Obama and the Clintons, McCain and Palin, and the Race of a Lifetime",John Heilemann,4.4,1215,9,2010,Non Fiction,40
The Official SAT Study Guide,The College Board,4.4,1201,40,2010,Non Fiction,41
Teach Like a Champion: 49 Techniques that Put Students on the Path to College,Doug Lemov,4.4,637,20,2010,Non Fiction,42
The Daily Show with Jon Stewart Presents Earth (The Book): A Visitor's Guide to the Human Race,Jon Stewart,4.4,440,11,2010,Non Fiction,43
The Confession: A Novel,John Grisham,4.3,3523,13,2010,Fiction,44
Three Cups of Tea: One Man's Mission to Promote Peace - One School at a Time,Greg Mortenson,4.3,3319,11,2010,Non Fiction,45
"Dead in the Family (Sookie Stackhouse/True Blood, Book 10)",Charlaine Harris,4.3,1924,8,2010,Fiction,46
Women Food and God: An Unexpected Path to Almost Everything,Geneen Roth,4.2,1302,11,2010,Non Fiction,47
"Autobiography of Mark Twain, Vol. 1",Mark Twain,4.2,491,14,2010,Non Fiction,48
Little Bee: A Novel,Chris Cleave,4.1,1467,10,2010,Fiction,49
StrengthsFinder 2.0,Gallup,4,5069,17,2010,Non Fiction,50
Jesus Calling: Enjoying Peace in His Presence (with Scripture References),Sarah Young,4.9,19576,8,2011,Non Fiction,1
"Unbroken: A World War II Story of Survival, Resilience, and Redemption",Laura Hillenbrand,4.8,29673,16,2011,Non Fiction,2
The Hunger Games Trilogy Boxed Set (1),Suzanne Collins,4.8,16949,30,2011,Fiction,3
The Help,Kathryn Stockett,4.8,13871,8,2011,Fiction,4
The Help,Kathryn Stockett,4.8,13871,7,2011,Fiction,5
Go the F**k to Sleep,Adam Mansbach,4.8,9568,9,2011,Fiction,6
"Cabin Fever (Diary of a Wimpy Kid, Book 6)",Jeff Kinney,4.8,4505,0,2011,Fiction,7
"The Son of Neptune (Heroes of Olympus, Book 2)",Rick Riordan,4.8,4290,10,2011,Fiction,8
The Hunger Games (Book 1),Suzanne Collins,4.7,32122,8,2011,Fiction,9
Catching Fire (The Hunger Games),Suzanne Collins,4.7,22614,11,2011,Fiction,10
Heaven is for Real: A Little Boy's Astounding Story of His Trip to Heaven and Back,Todd Burpo,4.7,15779,10,2011,Non Fiction,11
The Art of Racing in the Rain: A Novel,Garth Stein,4.7,11813,10,2011,Fiction,12
Killing Lincoln: The Shocking Assassination that Changed America Forever (Bill O'Reilly's Killing Series),Bill O'Reilly,4.7,9342,10,2011,Non Fiction,13
The Immortal Life of Henrietta Lacks,Rebecca Skloot,4.7,9289,9,2011,Non Fiction,14
The Girl Who Kicked the Hornet's Nest (Millennium Trilogy),Stieg Larsson,4.7,7747,14,2011,Fiction,15
The China Study: The Most Comprehensive Study of Nutrition Ever Conducted And the Startling Implications for Dietâ€¦,Thomas Campbell,4.7,4633,21,2011,Non Fiction,16
The 5 Love Languages: The Secret to Love That Lasts,Gary Chapman,4.7,3477,28,2011,Non Fiction,17
Radical: Taking Back Your Faith from the American Dream,David Platt,4.7,1985,9,2011,Non Fiction,18
Crazy Love: Overwhelmed by a Relentless God,Francis Chan,4.7,1542,14,2011,Non Fiction,19
"The Throne of Fire (The Kane Chronicles, Book 2)",Rick Riordan,4.7,1463,10,2011,Fiction,20
"Thinking, Fast and Slow",Daniel Kahneman,4.6,11034,19,2011,Non Fiction,21
The 7 Habits of Highly Effective People: Powerful Lessons in Personal Change,Stephen R. Covey,4.6,9325,24,2011,Non Fiction,22
Steve Jobs,Walter Isaacson,4.6,7827,20,2011,Non Fiction,23
Game of Thrones Boxed Set: A Game of Thrones/A Clash of Kings/A Storm of Swords/A Feast for Crows,George R.R. Martin,4.6,5594,5,2011,Fiction,24
Inheritance: Book IV (Inheritance Cycle),Christopher Paolini,4.6,5299,20,2011,Fiction,25
Cutting for Stone,Abraham Verghese,4.6,4866,11,2011,Fiction,26
A Stolen Life: A Memoir,Jaycee Dugard,4.6,4149,32,2011,Non Fiction,27
The Five Dysfunctions of a Team: A Leadership Fable,Patrick Lencioni,4.6,3207,6,2011,Non Fiction,28
One Thousand Gifts: A Dare to Live Fully Right Where You Are,Ann Voskamp,4.6,3163,13,2011,Non Fiction,29
11/22/63: A Novel,Stephen King,4.6,2052,22,2011,Fiction,30
Mockingjay (The Hunger Games),Suzanne Collins,4.5,26741,8,2011,Fiction,31
Water for Elephants: A Novel,Sara Gruen,4.5,8958,12,2011,Fiction,32
"Publication Manual of the American Psychological Association, 6th Edition",American Psychological Association,4.5,8580,46,2011,Non Fiction,33
"Eat to Live: The Amazing Nutrient-Rich Program for Fast and Sustained Weight Loss, Revised Edition",Joel Fuhrman MD,4.5,6346,9,2011,Non Fiction,34
Good to Great: Why Some Companies Make the Leap and Others Don't,Jim Collins,4.5,3457,14,2011,Non Fiction,35
A Dance with Dragons (A Song of Ice and Fire),George R. R. Martin,4.4,12643,11,2011,Fiction,36
The Litigators,John Grisham,4.4,6222,18,2011,Fiction,37
"In the Garden of Beasts: Love, Terror, and an American Family in Hitler's Berlin",Eric Larson,4.4,4571,21,2011,Non Fiction,38
The Lego Ideas Book: Unlock Your Imagination,Daniel Lipkowitz,4.4,4247,13,2011,Non Fiction,39
What to Expect When You're Expecting,Heidi Murkoff,4.4,3341,9,2011,Non Fiction,40
The Official SAT Study Guide,The College Board,4.4,1201,40,2011,Non Fiction,41
Teach Like a Champion: 49 Techniques that Put Students on the Path to College,Doug Lemov,4.4,637,20,2011,Non Fiction,42
Tina Fey: Bossypants,Tina Fey,4.3,5977,12,2011,Non Fiction,43
"The 4 Hour Body: An Uncommon Guide to Rapid Fat Loss, Incredible Sex and Becoming Superhuman",Timothy Ferriss,4.3,4587,21,2011,Non Fiction,44
The Paris Wife: A Novel,Paula McLain,4.3,3759,16,2011,Fiction,45
The 17 Day Diet: A Doctor's Plan Designed for Rapid Results,Mike Moreno,4.3,2314,22,2011,Non Fiction,46
"Dead Reckoning (Sookie Stackhouse/True Blood, Book 11)",Charlaine Harris,4.2,2094,4,2011,Fiction,47
"Love Wins: A Book About Heaven, Hell, and the Fate of Every Person Who Ever Lived",Rob Bell,4.2,1649,13,2011,Non Fiction,48
"The Dukan Diet: 2 Steps to Lose the Weight, 2 Steps to Keep It Off Forever",Pierre Dukan,4.1,2023,15,2011,Non Fiction,49
StrengthsFinder 2.0,Gallup,4,5069,17,2011,Non Fiction,50
"Oh, the Places You'll Go!",Dr. Seuss,4.9,21834,8,2012,Fiction,1
Jesus Calling: Enjoying Peace in His Presence (with Scripture References),Sarah Young,4.9,19576,8,2012,Non Fiction,2
"Goodnight, Goodnight Construction Site (Hardcover Books for Toddlers, Preschool Books for Kids)",Sherri Duskey Rinker,4.9,7038,7,2012,Fiction,3
"Unbroken: A World War II Story of Survival, Resilience, and Redemption",Laura Hillenbrand,4.8,29673,16,2012,Non Fiction,4
The Hunger Games Trilogy Boxed Set (1),Suzanne Collins,4.8,16949,30,2012,Fiction,5
"The Mark of Athena (Heroes of Olympus, Book 3)",Rick Riordan,4.8,6247,10,2012,Fiction,6
The Pioneer Woman Cooks: Food from My Frontier,Ree Drummond,4.8,2876,21,2012,Non Fiction,7
"The Serpent's Shadow (The Kane Chronicles, Book 3)",Rick Riordan,4.8,2091,12,2012,Fiction,8
Barefoot Contessa Foolproof: Recipes You Can Trust: A Cookbook,Ina Garten,4.8,1296,24,2012,Non Fiction,9
The Fault in Our Stars,John Green,4.7,50482,13,2012,Fiction,10
The Hunger Games (Book 1),Suzanne Collins,4.7,32122,8,2012,Fiction,11
Catching Fire (The Hunger Games),Suzanne Collins,4.7,22614,11,2012,Fiction,12
Heaven is for Real: A Little Boy's Astounding Story of His Trip to Heaven and Back,Todd Burpo,4.7,15779,10,2012,Non Fiction,13
Killing Lincoln: The Shocking Assassination that Changed America Forever (Bill O'Reilly's Killing Series),Bill O'Reilly,4.7,9342,10,2012,Non Fiction,14
The Immortal Life of Henrietta Lacks,Rebecca Skloot,4.7,9289,9,2012,Non Fiction,15
"The Third Wheel (Diary of a Wimpy Kid, Book 7)",Jeff Kinney,4.7,6377,7,2012,Fiction,16
The 5 Love Languages: The Secret to Love That Lasts,Gary Chapman,4.7,3477,28,2012,Non Fiction,17
The Harbinger: The Ancient Mystery that Holds the Secret of America's Future,Jonathan Cahn,4.6,11098,13,2012,Fiction,18
"Thinking, Fast and Slow",Daniel Kahneman,4.6,11034,19,2012,Non Fiction,19
The Power of Habit: Why We Do What We Do in Life and Business,Charles Duhigg,4.6,10795,21,2012,Non Fiction,20
Quiet: The Power of Introverts in a World That Can't Stop Talking,Susan Cain,4.6,10009,20,2012,Non Fiction,21
The 7 Habits of Highly Effective People: Powerful Lessons in Personal Change,Stephen R. Covey,4.6,9325,24,2012,Non Fiction,22
Killing Kennedy: The End of Camelot,Bill O'Reilly,4.6,8634,25,2012,Non Fiction,23
No Easy Day: The Autobiography of a Navy Seal: The Firsthand Account of the Mission That Killed Osama Bin Laden,Mark Owen,4.6,8093,14,2012,Non Fiction,24
Steve Jobs,Walter Isaacson,4.6,7827,20,2012,Non Fiction,25
Game of Thrones Boxed Set: A Game of Thrones/A Clash of Kings/A Storm of Swords/A Feast for Crows,George R.R. Martin,4.6,5594,5,2012,Fiction,26
The Five Dysfunctions of a Team: A Leadership Fable,Patrick Lencioni,4.6,3207,6,2012,Non Fiction,27
One Thousand Gifts: A Dare to Live Fully Right Where You Are,Ann Voskamp,4.6,3163,13,2012,Non Fiction,28
The Amateur,Edward Klein,4.6,2580,9,2012,Non Fiction,29
Mockingjay (The Hunger Games),Suzanne Collins,4.5,26741,8,2012,Fiction,30
Fifty Shades Freed: Book Three of the Fifty Shades Trilogy (Fifty Shades of Grey Series) (English Edition),E L James,4.5,20262,11,2012,Fiction,31
Fifty Shades Trilogy (Fifty Shades of Grey / Fifty Shades Darker / Fifty Shades Freed),E L James,4.5,13964,32,2012,Fiction,32
Winter of the World: Book Two of the Century Trilogy,Ken Follett,4.5,10760,15,2012,Fiction,33
"Publication Manual of the American Psychological Association, 6th Edition",American Psychological Association,4.5,8580,46,2012,Non Fiction,34
"Eat to Live: The Amazing Nutrient-Rich Program for Fast and Sustained Weight Loss, Revised Edition",Joel Fuhrman MD,4.5,6346,9,2012,Non Fiction,35
Good to Great: Why Some Companies Make the Leap and Others Don't,Jim Collins,4.5,3457,14,2012,Non Fiction,36
Thomas Jefferson: The Art of Power,Jon Meacham,4.5,1904,23,2012,Non Fiction,37
Fifty Shades Darker,E L James,4.4,23631,7,2012,Fiction,38
Wild: From Lost to Found on the Pacific Crest Trail,Cheryl Strayed,4.4,17044,18,2012,Non Fiction,39
The Great Gatsby,F. Scott Fitzgerald,4.4,11616,7,2012,Fiction,40
"Wheat Belly: Lose the Wheat, Lose the Weight, and Find Your Path Back to Health",William Davis,4.4,7497,6,2012,Non Fiction,41
The Lego Ideas Book: Unlock Your Imagination,Daniel Lipkowitz,4.4,4247,13,2012,Non Fiction,42
The Official SAT Study Guide,The College Board,4.4,1201,40,2012,Non Fiction,43
The Racketeer,John Grisham,4.3,14493,18,2012,Fiction,44
Proof of Heaven: A Neurosurgeon's Journey into the Afterlife,Eben Alexander,4.3,13616,10,2012,Non Fiction,45
"The Blood Sugar Solution: The UltraHealthy Program for Losing Weight, Preventing Disease, and Feeling Great Now!",Mark Hyman M.D.,4.2,1789,14,2012,Non Fiction,46
Gone Girl,Gillian Flynn,4,57271,10,2012,Fiction,47
StrengthsFinder 2.0,Gallup,4,5069,17,2012,Non Fiction,48
Fifty Shades of Grey: Book One of the Fifty Shades Trilogy (Fifty Shades of Grey Series),E L James,3.8,47265,14,2012,Fiction,49
The Casual Vacancy,J.K. Rowling,3.3,9372,12,2012,Fiction,50
"Oh, the Places You'll Go!",Dr. Seuss,4.9,21834,8,2013,Fiction,1
Jesus Calling: Enjoying Peace in His Presence (with Scripture References),Sarah Young,4.9,19576,8,2013,Non Fiction,2
The Very Hungry Caterpillar,Eric Carle,4.9,19546,5,2013,Fiction,3
Rush Revere and the Brave Pilgrims: Time-Travel Adventures with Exceptional Americans (1),Rush Limbaugh,4.9,7150,12,2013,Fiction,4
"Goodnight, Goodnight Construction Site (Hardcover Books for Toddlers, Preschool Books for Kids)",Sherri Duskey Rinker,4.9,7038,7,2013,Fiction,5
The Legend of Zelda: Hyrule Historia,Patrick Thorpe,4.9,5396,20,2013,Fiction,6
To Kill a Mockingbird,Harper Lee,4.8,26234,0,2013,Fiction,7
Wonder,R. J. Palacio,4.8,21625,9,2013,Fiction,8
The Day the Crayons Quit,Drew Daywalt,4.8,8922,9,2013,Fiction,9
"The House of Hades (Heroes of Olympus, Book 4)",Rick Riordan,4.8,6982,14,2013,Fiction,10
"Diary of a Wimpy Kid: Hard Luck, Book 8",Jeff Kinney,4.8,6812,0,2013,Fiction,11
"Happy, Happy, Happy: My Life and Legacy as the Duck Commander",Phil Robertson,4.8,4148,11,2013,Non Fiction,12
Humans of New York,Brandon Stanton,4.8,3490,15,2013,Non Fiction,13
"The Pioneer Woman Cooks: A Year of Holidays: 140 Step-by-Step Recipes for Simple, Scrumptious Celebrations",Ree Drummond,4.8,2663,17,2013,Non Fiction,14
"Daring Greatly: How the Courage to Be Vulnerable Transforms the Way We Live, Love, Parent, and Lead",BreneÌ Brown,4.8,1329,10,2013,Non Fiction,15
The Fault in Our Stars,John Green,4.7,50482,13,2013,Fiction,16
The Four Agreements: A Practical Guide to Personal Freedom (A Toltec Wisdom Book),Don Miguel Ruiz,4.7,23308,6,2013,Non Fiction,17
Doctor Sleep: A Novel,Stephen King,4.7,15845,13,2013,Fiction,18
"Things That Matter: Three Decades of Passions, Pastimes and Politics [Deckled Edge]",Charles Krauthammer,4.7,7034,15,2013,Non Fiction,19
"Hyperbole and a Half: Unfortunate Situations, Flawed Coping Mechanisms, Mayhem, and Other Things That Happened",Allie Brosh,4.7,4896,17,2013,Non Fiction,20
The 5 Love Languages: The Secret to Love That Lasts,Gary Chapman,4.7,3477,28,2013,Non Fiction,21
Divergent,Veronica Roth,4.6,27098,15,2013,Fiction,22
The Book Thief,Markus Zusak,4.6,23148,6,2013,Fiction,23
Quiet: The Power of Introverts in a World That Can't Stop Talking,Susan Cain,4.6,10009,7,2013,Non Fiction,24
The 7 Habits of Highly Effective People: Powerful Lessons in Personal Change,Stephen R. Covey,4.6,9325,24,2013,Non Fiction,25
Laugh-Out-Loud Jokes for Kids,Rob Elliott,4.6,6990,4,2013,Non Fiction,26
Game of Thrones Boxed Set: A Game of Thrones/A Clash of Kings/A Storm of Swords/A Feast for Crows,George R.R. Martin,4.6,5594,5,2013,Fiction,27
George Washington's Secret Six: The Spy Ring That Saved the American Revolution,Brian Kilmeade,4.6,4799,16,2013,Non Fiction,28
The Five Dysfunctions of a Team: A Leadership Fable,Patrick Lencioni,4.6,3207,6,2013,Non Fiction,29
"Soul Healing Miracles: Ancient and New Sacred Wisdom, Knowledge, and Practical Techniques for Healing the Spiritualâ€¦",Zhi Gang Sha,4.6,220,17,2013,Non Fiction,30
Sycamore Row (Jake Brigance),John Grisham,4.5,23114,18,2013,Fiction,31
Killing Jesus (Bill O'Reilly's Killing Series),Bill O'Reilly,4.5,11391,12,2013,Non Fiction,32
"Publication Manual of the American Psychological Association, 6th Edition",American Psychological Association,4.5,8580,46,2013,Non Fiction,33
"Diagnostic and Statistical Manual of Mental Disorders, 5th Edition: DSM-5",American Psychiatric Association,4.5,6679,105,2013,Non Fiction,34
"Lean In: Women, Work, and the Will to Lead",Sheryl Sandberg,4.5,6132,13,2013,Non Fiction,35
Joyland (Hard Case Crime),Stephen King,4.5,4748,12,2013,Fiction,36
Knock-Knock Jokes for Kids,Rob Elliott,4.5,3673,4,2013,Non Fiction,37
The Great Gatsby,F. Scott Fitzgerald,4.4,11616,7,2013,Fiction,38
"Wheat Belly: Lose the Wheat, Lose the Weight, and Find Your Path Back to Health",William Davis,4.4,7497,6,2013,Non Fiction,39
"David and Goliath: Underdogs, Misfits, and the Art of Battling Giants",Malcolm Gladwell,4.4,4642,13,2013,Non Fiction,40
The Official SAT Study Guide,The College Board,4.4,1201,40,2013,Non Fiction,41
Proof of Heaven: A Neurosurgeon's Journey into the Afterlife,Eben Alexander,4.3,13616,10,2013,Non Fiction,42
And the Mountains Echoed,Khaled Hosseini,4.3,12159,13,2013,Fiction,43
Inferno,Dan Brown,4.1,29651,14,2013,Fiction,44
Shred: The Revolutionary Diet: 6 Weeks 4 Inches 2 Sizes,Ian K. Smith M.D.,4.1,2272,6,2013,Non Fiction,45
Gone Girl,Gillian Flynn,4,57271,10,2013,Fiction,46
StrengthsFinder 2.0,Gallup,4,5069,17,2013,Non Fiction,47
The Goldfinch: A Novel (Pulitzer Prize for Fiction),Donna Tartt,3.9,33844,20,2013,Fiction,48
Allegiant,Veronica Roth,3.9,6310,13,2013,Fiction,49
Fifty Shades of Grey: Book One of the Fifty Shades Trilogy (Fifty Shades of Grey Series),E L James,3.8,47265,14,2013,Fiction,50
"Oh, the Places You'll Go!",Dr. Seuss,4.9,21834,8,2014,Fiction,1
Jesus Calling: Enjoying Peace in His Presence (with Scripture References),Sarah Young,4.9,19576,8,2014,Non Fiction,2
The Very Hungry Caterpillar,Eric Carle,4.9,19546,5,2014,Fiction,3
Rush Revere and the First Patriots: Time-Travel Adventures With Exceptional Americans (2),Rush Limbaugh,4.9,3836,12,2014,Fiction,4
Little Blue Truck,Alice Schertle,4.9,1884,0,2014,Fiction,5
"Unbroken: A World War II Story of Survival, Resilience, and Redemption",Laura Hillenbrand,4.8,29673,13,2014,Non Fiction,6
"Unbroken: A World War II Story of Survival, Resilience, and Redemption",Laura Hillenbrand,4.8,29673,16,2014,Non Fiction,7
To Kill a Mockingbird,Harper Lee,4.8,26234,0,2014,Fiction,8
The Boys in the Boat: Nine Americans and Their Epic Quest for Gold at the 1936 Berlin Olympics,Daniel James Brown,4.8,23358,12,2014,Non Fiction,9
Wonder,R. J. Palacio,4.8,21625,9,2014,Fiction,10
Love You Forever,Robert Munsch,4.8,18613,5,2014,Fiction,11
The Day the Crayons Quit,Drew Daywalt,4.8,8922,9,2014,Fiction,12
The Book with No Pictures,B. J. Novak,4.8,8081,8,2014,Fiction,13
The Blood of Olympus (The Heroes of Olympus (5)),Rick Riordan,4.8,6600,11,2014,Fiction,14
Diary of a Wimpy Kid: The Long Haul,Jeff Kinney,4.8,6540,22,2014,Fiction,15
Humans of New York,Brandon Stanton,4.8,3490,15,2014,Non Fiction,16
The Fault in Our Stars,John Green,4.7,50482,7,2014,Fiction,17
The Fault in Our Stars,John Green,4.7,50482,13,2014,Fiction,18
The Alchemist,Paulo Coelho,4.7,35799,39,2014,Fiction,19
How to Win Friends & Influence People,Dale Carnegie,4.7,25001,11,2014,Non Fiction,20
A Game of Thrones / A Clash of Kings / A Storm of Swords / A Feast of Crows / A Dance with Dragons,George R. R. Martin,4.7,19735,30,2014,Fiction,21
First 100 Words,Roger Priddy,4.7,17323,4,2014,Non Fiction,22
What If?: Serious Scientific Answers to Absurd Hypothetical Questions,Randall Munroe,4.7,9292,17,2014,Non Fiction,23
Frozen (Little Golden Book),RH Disney,4.7,3642,0,2014,Fiction,24
The 5 Love Languages: The Secret to Love That Lasts,Gary Chapman,4.7,3477,28,2014,Non Fiction,25
All the Light We Cannot See,Anthony Doerr,4.6,36348,14,2014,Fiction,26
Divergent,Veronica Roth,4.6,27098,15,2014,Fiction,27
The Book Thief,Markus Zusak,4.6,23148,6,2014,Fiction,28
Orphan Train,Christina Baker Kline,4.6,21930,11,2014,Fiction,29
Thug Kitchen: The Official Cookbook: Eat Like You Give a F*ck (Thug Kitchen Cookbooks),Thug Kitchen,4.6,11128,23,2014,Non Fiction,30
Killing Patton: The Strange Death of World War II's Most Audacious General (Bill O'Reilly's Killing Series),Bill O'Reilly,4.6,10927,6,2014,Non Fiction,31
Laugh-Out-Loud Jokes for Kids,Rob Elliott,4.6,6990,4,2014,Non Fiction,32
"Grain Brain: The Surprising Truth about Wheat, Carbs, and Sugar--Your Brain's Silent Killers",David Perlmutter MD,4.6,5972,10,2014,Non Fiction,33
Mindset: The New Psychology of Success,Carol S. Dweck,4.6,5542,10,2014,Non Fiction,34
JOURNEY TO THE ICE P,RH Disney,4.6,978,0,2014,Fiction,35
Divergent / Insurgent,Veronica Roth,4.5,17684,6,2014,Fiction,36
The Maze Runner (Book 1),James Dashner,4.5,10101,8,2014,Fiction,37
"Publication Manual of the American Psychological Association, 6th Edition",American Psychological Association,4.5,8580,46,2014,Non Fiction,38
Looking for Alaska,John Green,4.5,8491,7,2014,Fiction,39
"Diagnostic and Statistical Manual of Mental Disorders, 5th Edition: DSM-5",American Psychiatric Association,4.5,6679,105,2014,Non Fiction,40
Knock-Knock Jokes for Kids,Rob Elliott,4.5,3673,4,2014,Non Fiction,41
Capital in the Twenty First Century,Thomas Piketty,4.5,2884,28,2014,Non Fiction,42
Ultimate Sticker Book: Frozen: More Than 60 Reusable Full-Color Stickers,DK,4.5,2586,5,2014,Fiction,43
Make It Ahead: A Barefoot Contessa Cookbook,Ina Garten,4.5,1386,20,2014,Non Fiction,44
The Great Gatsby,F. Scott Fitzgerald,4.4,11616,7,2014,Fiction,45
The Official SAT Study Guide,The College Board,4.4,1201,40,2014,Non Fiction,46
If I Stay,Gayle Forman,4.3,7153,9,2014,Fiction,47
Gone Girl,Gillian Flynn,4,57271,9,2014,Fiction,48
StrengthsFinder 2.0,Gallup,4,5069,17,2014,Non Fiction,49
The Goldfinch: A Novel (Pulitzer Prize for Fiction),Donna Tartt,3.9,33844,20,2014,Fiction,50
"Oh, the Places You'll Go!",Dr. Seuss,4.9,21834,8,2015,Fiction,1
Jesus Calling: Enjoying Peace in His Presence (with Scripture References),Sarah Young,4.9,19576,8,2015,Non Fiction,2
The Very Hungry Caterpillar,Eric Carle,4.9,19546,5,2015,Fiction,3
Humans of New York : Stories,Brandon Stanton,4.9,2812,17,2015,Non Fiction,4
The Nightingale: A Novel,Kristin Hannah,4.8,49288,11,2015,Fiction,5
To Kill a Mockingbird,Harper Lee,4.8,26234,0,2015,Fiction,6
The 5 Love Languages: The Secret to Love that Lasts,Gary Chapman,4.8,25554,8,2015,Non Fiction,7
The Boys in the Boat: Nine Americans and Their Epic Quest for Gold at the 1936 Berlin Olympics,Daniel James Brown,4.8,23358,12,2015,Non Fiction,8
Wonder,R. J. Palacio,4.8,21625,9,2015,Fiction,9
Love You Forever,Robert Munsch,4.8,18613,5,2015,Fiction,10
Giraffes Can't Dance,Giles Andreae,4.8,14038,4,2015,Fiction,11
Being Mortal: Medicine and What Matters in the End,Atul Gawande,4.8,11113,15,2015,Non Fiction,12
Dear Zoo: A Lift-the-Flap Book,Rod Campbell,4.8,10922,5,2015,Fiction,13
The Day the Crayons Quit,Drew Daywalt,4.8,8922,9,2015,Fiction,14
The Book with No Pictures,B. J. Novak,4.8,8081,8,2015,Fiction,15
Old School (Diary of a Wimpy Kid #10),Jeff Kinney,4.8,6169,7,2015,Fiction,16
Creative Haven Creative Cats Coloring Book (Adult Coloring),Marjorie Sarnat,4.8,4022,4,2015,Non Fiction,17
Creative Haven Owls Coloring Book (Adult Coloring),Marjorie Sarnat,4.8,3871,5,2015,Non Fiction,18
"The Pioneer Woman Cooks: Dinnertime - Comfort Classics, Freezer Food, 16-minute Meals, and Other Delicious Ways to Solveâ€¦",Ree Drummond,4.8,3428,14,2015,Non Fiction,19
The Martian,Andy Weir,4.7,39459,9,2015,Fiction,20
How to Win Friends & Influence People,Dale Carnegie,4.7,25001,11,2015,Non Fiction,21
The Four Agreements: A Practical Guide to Personal Freedom (A Toltec Wisdom Book),Don Miguel Ruiz,4.7,23308,6,2015,Non Fiction,22
First 100 Words,Roger Priddy,4.7,17323,4,2015,Non Fiction,23
Between the World and Me,Ta-Nehisi Coates,4.7,10070,13,2015,Non Fiction,24
"Secret Garden: An Inky Treasure Hunt and Coloring Book (For Adults, mindfulness coloring)",Johanna Basford,4.7,9366,9,2015,Non Fiction,25
The Wright Brothers,David McCullough,4.7,6169,16,2015,Non Fiction,26
"Enchanted Forest: An Inky Quest and Coloring book (Activity Books, Mindfulness and Meditation, Illustrated Floral Printsâ€¦",Johanna Basford,4.7,5413,9,2015,Non Fiction,27
The 7 Habits of Highly Effective People: Powerful Lessons in Personal Change,Stephen R. Covey,4.7,4725,16,2015,Non Fiction,28
Harry Potter Coloring Book,Scholastic,4.7,3564,9,2015,Non Fiction,29
What Pet Should I Get? (Classic Seuss),Dr. Seuss,4.7,1873,14,2015,Fiction,30
All the Light We Cannot See,Anthony Doerr,4.6,36348,14,2015,Fiction,31
American Sniper: The Autobiography of the Most Lethal Sniper in U.S. Military History,Chris Kyle,4.6,15921,9,2015,Non Fiction,32
Thug Kitchen: The Official Cookbook: Eat Like You Give a F*ck (Thug Kitchen Cookbooks),Thug Kitchen,4.6,11128,23,2015,Non Fiction,33
The Whole30: The 30-Day Guide to Total Health and Food Freedom,Melissa Hartwig Urban,4.6,7508,16,2015,Non Fiction,34
Laugh-Out-Loud Jokes for Kids,Rob Elliott,4.6,6990,4,2015,Non Fiction,35
Mindset: The New Psychology of Success,Carol S. Dweck,4.6,5542,10,2015,Non Fiction,36
Baby Touch and Feel: Animals,DK,4.6,5360,5,2015,Non Fiction,37
Killing Reagan: The Violent Assault That Changed a Presidency (Bill O'Reilly's Killing Series),Bill O'Reilly,4.6,5235,5,2015,Non Fiction,38
Adult Coloring Book: Stress Relieving Animal Designs,Blue Star Coloring,4.6,2925,6,2015,Non Fiction,39
Dover Creative Haven Art Nouveau Animal Designs Coloring Book (Creative Haven Coloring Books),Marty Noble,4.6,2134,5,2015,Non Fiction,40
Balance (Angie's Extreme Stress Menders),Angie Grace,4.6,1909,11,2015,Non Fiction,41
The Life-Changing Magic of Tidying Up: The Japanese Art of Decluttering and Organizing,Marie KondÅ,4.5,22641,11,2015,Non Fiction,42
"Publication Manual of the American Psychological Association, 6th Edition",American Psychological Association,4.5,8580,46,2015,Non Fiction,43
Knock-Knock Jokes for Kids,Rob Elliott,4.5,3673,4,2015,Non Fiction,44
"Adult Coloring Books: A Coloring Book for Adults Featuring Mandalas and Henna Inspired Flowers, Animals, and Paisleyâ€¦",Coloring Books for Adults,4.5,2426,8,2015,Non Fiction,45
Grey: Fifty Shades of Grey as Told by Christian (Fifty Shades of Grey Series),E L James,4.4,25624,14,2015,Fiction,46
Adult Coloring Book: Stress Relieving Patterns,Blue Star Coloring,4.4,2951,6,2015,Non Fiction,47
The Girl on the Train,Paula Hawkins,4.1,79446,18,2015,Fiction,48
StrengthsFinder 2.0,Gallup,4,5069,17,2015,Non Fiction,49
Go Set a Watchman: A Novel,Harper Lee,3.6,14982,19,2015,Fiction,50
"Oh, the Places You'll Go!",Dr. Seuss,4.9,21834,8,2016,Fiction,1
"Harry Potter and the Chamber of Secrets: The Illustrated Edition (Harry Potter, Book 2)",J.K. Rowling,4.9,19622,30,2016,Fiction,2
Jesus Calling: Enjoying Peace in His Presence (with Scripture References),Sarah Young,4.9,19576,8,2016,Non Fiction,3
The Very Hungry Caterpillar,Eric Carle,4.9,19546,5,2016,Fiction,4
"Harry Potter and the Sorcerer's Stone: The Illustrated Edition (Harry Potter, Book 1)",J.K. Rowling,4.9,10052,22,2016,Fiction,5
The Wonderful Things You Will Be,Emily Winfield Martin,4.9,8842,10,2016,Fiction,6
The Magnolia Story,Chip Gaines,4.9,7861,5,2016,Non Fiction,7
Hamilton: The Revolution,Lin-Manuel Miranda,4.9,5867,54,2016,Non Fiction,8
The Nightingale: A Novel,Kristin Hannah,4.8,49288,11,2016,Fiction,9
To Kill a Mockingbird,Harper Lee,4.8,26234,0,2016,Fiction,10
The 5 Love Languages: The Secret to Love that Lasts,Gary Chapman,4.8,25554,8,2016,Non Fiction,11
Wonder,R. J. Palacio,4.8,21625,9,2016,Fiction,12
Giraffes Can't Dance,Giles Andreae,4.8,14038,4,2016,Fiction,13
When Breath Becomes Air,Paul Kalanithi,4.8,13779,14,2016,Non Fiction,14
Harry Potter Paperback Box Set (Books 1-7),J. K. Rowling,4.8,13471,52,2016,Fiction,15
Dear Zoo: A Lift-the-Flap Book,Rod Campbell,4.8,10922,5,2016,Fiction,16
Alexander Hamilton,Ron Chernow,4.8,9198,13,2016,Non Fiction,17
Killing the Rising Sun: How America Vanquished World War II Japan (Bill O'Reilly's Killing Series),Bill O'Reilly,4.8,8916,6,2016,Non Fiction,18
The Going-To-Bed Book,Sandra Boynton,4.8,5249,5,2016,Fiction,19
Double Down (Diary of a Wimpy Kid #11),Jeff Kinney,4.8,5118,20,2016,Fiction,20
The Constitution of the United States,Delegates of the ConstitutionalÂ…,4.8,2774,0,2016,Non Fiction,21
How to Win Friends & Influence People,Dale Carnegie,4.7,25001,11,2016,Non Fiction,22
The Four Agreements: A Practical Guide to Personal Freedom (A Toltec Wisdom Book),Don Miguel Ruiz,4.7,23308,6,2016,Non Fiction,23
Milk and Honey,Rupi Kaur,4.7,17739,8,2016,Non Fiction,24
10-Day Green Smoothie Cleanse,JJ Smith,4.7,17350,8,2016,Non Fiction,25
First 100 Words,Roger Priddy,4.7,17323,4,2016,Non Fiction,26
You Are a Badass: How to Stop Doubting Your Greatness and Start Living an Awesome Life,Jen Sincero,4.7,14331,8,2016,Non Fiction,27
Between the World and Me,Ta-Nehisi Coates,4.7,10070,13,2016,Non Fiction,28
Night (Night),Elie Wiesel,4.7,5178,9,2016,Non Fiction,29
Cravings: Recipes for All the Food You Want to Eat: A Cookbook,Chrissy Teigen,4.7,4761,16,2016,Non Fiction,30
The 7 Habits of Highly Effective People: Powerful Lessons in Personal Change,Stephen R. Covey,4.7,4725,16,2016,Non Fiction,31
"Uninvited: Living Loved When You Feel Less Than, Left Out, and Lonely",Lysa TerKeurst,4.7,4585,9,2016,Non Fiction,32
Fantastic Beasts and Where to Find Them: The Original Screenplay (Harry Potter),J.K. Rowling,4.7,4370,15,2016,Fiction,33
Born to Run,Bruce Springsteen,4.7,3729,18,2016,Non Fiction,34
PokÃ©mon Deluxe Essential Handbook: The Need-to-Know Stats and Facts on Over 700 PokÃ©mon,Scholastic,4.7,3503,9,2016,Fiction,35
A Man Called Ove: A Novel,Fredrik Backman,4.6,23848,8,2016,Fiction,36
Thug Kitchen: The Official Cookbook: Eat Like You Give a F*ck (Thug Kitchen Cookbooks),Thug Kitchen,4.6,11128,23,2016,Non Fiction,37
Fahrenheit 451,Ray Bradbury,4.6,10721,8,2016,Fiction,38
Calm the F*ck Down: An Irreverent Adult Coloring Book (Irreverent Book Series),Sasha O'Hara,4.6,10369,4,2016,Non Fiction,39
The Whole30: The 30-Day Guide to Total Health and Food Freedom,Melissa Hartwig Urban,4.6,7508,16,2016,Non Fiction,40
Laugh-Out-Loud Jokes for Kids,Rob Elliott,4.6,6990,4,2016,Non Fiction,41
Mindset: The New Psychology of Success,Carol S. Dweck,4.6,5542,10,2016,Non Fiction,42
The Life-Changing Magic of Tidying Up: The Japanese Art of Decluttering and Organizing,Marie KondÅ,4.5,22641,11,2016,Non Fiction,43
"Publication Manual of the American Psychological Association, 6th Edition",American Psychological Association,4.5,8580,46,2016,Non Fiction,44
"Adult Coloring Book Designs: Stress Relief Coloring Book: Garden Designs, Mandalas, Animals, and Paisley Patterns",Adult Coloring Book Designs,4.5,2313,4,2016,Non Fiction,45
Hillbilly Elegy: A Memoir of a Family and Culture in Crisis,J. D. Vance,4.4,15526,14,2016,Non Fiction,46
"The Official SAT Study Guide, 2016 Edition (Official Study Guide for the New Sat)",The College Board,4.3,807,36,2016,Non Fiction,47
The Girl on the Train,Paula Hawkins,4.1,79446,7,2016,Fiction,48
"Harry Potter and the Cursed Child, Parts 1 & 2, Special Rehearsal Edition Script",J.K. Rowling,4,23973,12,2016,Fiction,49
StrengthsFinder 2.0,Gallup,4,5069,17,2016,Non Fiction,50
"Oh, the Places You'll Go!",Dr. Seuss,4.9,21834,8,2017,Fiction,1
The Very Hungry Caterpillar,Eric Carle,4.9,19546,5,2017,Fiction,2
"Brown Bear, Brown Bear, What Do You See?",Bill Martin Jr.,4.9,14344,5,2017,Fiction,3
The Wonderful Things You Will Be,Emily Winfield Martin,4.9,8842,10,2017,Fiction,4
Dog Man: A Tale of Two Kitties: From the Creator of Captain Underpants (Dog Man #3),Dav Pilkey,4.9,4786,8,2017,Fiction,5
Obama: An Intimate Portrait,Pete Souza,4.9,3192,22,2017,Non Fiction,6
"Harry Potter and the Prisoner of Azkaban: The Illustrated Edition (Harry Potter, Book 3)",J.K. Rowling,4.9,3146,30,2017,Fiction,7
The 5 Love Languages: The Secret to Love that Lasts,Gary Chapman,4.8,25554,8,2017,Non Fiction,8
Wonder,R. J. Palacio,4.8,21625,9,2017,Fiction,9
Player's Handbook (Dungeons & Dragons),Wizards RPG Team,4.8,16990,27,2017,Fiction,10
If Animals Kissed Good Night,Ann Whitford Paul,4.8,16643,4,2017,Fiction,11
Giraffes Can't Dance,Giles Andreae,4.8,14038,4,2017,Fiction,12
Dear Zoo: A Lift-the-Flap Book,Rod Campbell,4.8,10922,5,2017,Fiction,13
The Pout-Pout Fish,Deborah Diesen,4.8,9784,5,2017,Fiction,14
Goodnight Moon,Margaret Wise Brown,4.8,8837,5,2017,Fiction,15
The Getaway,Jeff Kinney,4.8,5836,0,2017,Fiction,16
The Going-To-Bed Book,Sandra Boynton,4.8,5249,5,2017,Fiction,17
Puppy Birthday to You! (Paw Patrol) (Little Golden Book),Golden Books,4.8,4757,4,2017,Fiction,18
How to Win Friends & Influence People,Dale Carnegie,4.7,25001,11,2017,Non Fiction,19
The Four Agreements: A Practical Guide to Personal Freedom (A Toltec Wisdom Book),Don Miguel Ruiz,4.7,23308,6,2017,Non Fiction,20
1984 (Signet Classics),George Orwell,4.7,21424,6,2017,Fiction,21
A Gentleman in Moscow: A Novel,Amor Towles,4.7,19699,15,2017,Fiction,22
Milk and Honey,Rupi Kaur,4.7,17739,8,2017,Non Fiction,23
First 100 Words,Roger Priddy,4.7,17323,4,2017,Non Fiction,24
You Are a Badass: How to Stop Doubting Your Greatness and Start Living an Awesome Life,Jen Sincero,4.7,14331,8,2017,Non Fiction,25
Make Your Bed: Little Things That Can Change Your Life...And Maybe the World,Admiral William H. McRaven,4.7,10199,11,2017,Non Fiction,26
Astrophysics for People in a Hurry,Neil deGrasse Tyson,4.7,9374,9,2017,Non Fiction,27
The Sun and Her Flowers,Rupi Kaur,4.7,5487,9,2017,Non Fiction,28
The 7 Habits of Highly Effective People: Powerful Lessons in Personal Change,Stephen R. Covey,4.7,4725,16,2017,Non Fiction,29
The Subtle Art of Not Giving a F*ck: A Counterintuitive Approach to Living a Good Life,Mark Manson,4.6,26490,15,2017,Non Fiction,30
A Man Called Ove: A Novel,Fredrik Backman,4.6,23848,8,2017,Fiction,31
Ready Player One: A Novel,Ernest Cline,4.6,22536,12,2017,Fiction,32
The Shack: Where Tragedy Confronts Eternity,William P. Young,4.6,19720,8,2017,Fiction,33
Thug Kitchen: The Official Cookbook: Eat Like You Give a F*ck (Thug Kitchen Cookbooks),Thug Kitchen,4.6,11128,23,2017,Non Fiction,34
Killers of the Flower Moon: The Osage Murders and the Birth of the FBI,David Grann,4.6,8393,17,2017,Non Fiction,35
The Whole30: The 30-Day Guide to Total Health and Food Freedom,Melissa Hartwig Urban,4.6,7508,16,2017,Non Fiction,36
Laugh-Out-Loud Jokes for Kids,Rob Elliott,4.6,6990,4,2017,Non Fiction,37
What Happened,Hillary Rodham Clinton,4.6,5492,18,2017,Non Fiction,38
"Tools of Titans: The Tactics, Routines, and Habits of Billionaires, Icons, and World-Class Performers",Timothy Ferriss,4.6,4360,21,2017,Non Fiction,39
The Life-Changing Magic of Tidying Up: The Japanese Art of Decluttering and Organizing,Marie KondÅ,4.5,22641,11,2017,Non Fiction,40
"Publication Manual of the American Psychological Association, 6th Edition",American Psychological Association,4.5,8580,46,2017,Non Fiction,41
Thirteen Reasons Why,Jay Asher,4.5,7932,9,2017,Fiction,42
Leonardo da Vinci,Walter Isaacson,4.5,3014,21,2017,Non Fiction,43
"Option B: Facing Adversity, Building Resilience, and Finding Joy",Sheryl Sandberg,4.5,1831,9,2017,Non Fiction,44
Hillbilly Elegy: A Memoir of a Family and Culture in Crisis,J. D. Vance,4.4,15526,14,2017,Non Fiction,45
Milk and Vine: Inspirational Quotes From Classic Vines,Adam Gasiewski,4.4,3113,6,2017,Non Fiction,46
The Handmaid's Tale,Margaret Atwood,4.3,29442,7,2017,Fiction,47
Origin: A Novel (Robert Langdon),Dan Brown,4.3,18904,13,2017,Fiction,48
The Instant Pot Electric Pressure Cooker Cookbook: Easy Recipes for Fast & Healthy Meals,Laurel Randolph,4.3,7368,7,2017,Non Fiction,49
StrengthsFinder 2.0,Gallup,4,5069,17,2017,Non Fiction,50
"Oh, the Places You'll Go!",Dr. Seuss,4.9,21834,8,2018,Fiction,1
The Very Hungry Caterpillar,Eric Carle,4.9,19546,5,2018,Fiction,2
"Last Week Tonight with John Oliver Presents A Day in the Life of Marlon Bundo (Better Bundo Book, LGBT ChildrenÂ’s Book)",Jill Twiss,4.9,11881,13,2018,Fiction,3
The Wonderful Things You Will Be,Emily Winfield Martin,4.9,8842,10,2018,Fiction,4
Dog Man: Brawl of the Wild: From the Creator of Captain Underpants (Dog Man #6),Dav Pilkey,4.9,7235,4,2018,Fiction,5
Dog Man: Lord of the Fleas: From the Creator of Captain Underpants (Dog Man #5),Dav Pilkey,4.9,5470,6,2018,Fiction,6
Dog Man and Cat Kid: From the Creator of Captain Underpants (Dog Man #4),Dav Pilkey,4.9,5062,6,2018,Fiction,7
Becoming,Michelle Obama,4.8,61133,11,2018,Non Fiction,8
The Wonky Donkey,Craig Smith,4.8,30183,4,2018,Fiction,9
The 5 Love Languages: The Secret to Love that Lasts,Gary Chapman,4.8,25554,8,2018,Non Fiction,10
"School Zone - Big Preschool Workbook - Ages 4 and Up, Colors, Shapes, Numbers 1-10, Alphabet, Pre-Writing, Pre-Readingâ€¦",School Zone,4.8,23047,6,2018,Non Fiction,11
Player's Handbook (Dungeons & Dragons),Wizards RPG Team,4.8,16990,27,2018,Fiction,12
Giraffes Can't Dance,Giles Andreae,4.8,14038,4,2018,Fiction,13
Dear Zoo: A Lift-the-Flap Book,Rod Campbell,4.8,10922,5,2018,Fiction,14
The Hate U Give,Angie Thomas,4.8,9947,11,2018,Fiction,15
Magnolia Table: A Collection of Recipes for Gathering,Joanna Gaines,4.8,9867,16,2018,Non Fiction,16
The Pout-Pout Fish,Deborah Diesen,4.8,9784,5,2018,Fiction,17
Goodnight Moon,Margaret Wise Brown,4.8,8837,5,2018,Fiction,18
"Salt, Fat, Acid, Heat: Mastering the Elements of Good Cooking",Samin Nosrat,4.8,7802,20,2018,Non Fiction,19
The Meltdown (Diary of a Wimpy Kid Book 13),Jeff Kinney,4.8,5898,8,2018,Fiction,20
Ship of Fools: How a Selfish Ruling Class Is Bringing America to the Brink of Revolution,Tucker Carlson,4.8,3923,16,2018,Non Fiction,21
Homebody: A Guide to Creating Spaces You Never Want to Leave,Joanna Gaines,4.8,3776,22,2018,Non Fiction,22
Kitchen Confidential Updated Edition: Adventures in the Culinary Underbelly (P.S.),Anthony Bourdain,4.8,2507,8,2018,Non Fiction,23
Educated: A Memoir,Tara Westover,4.7,28729,15,2018,Non Fiction,24
How to Win Friends & Influence People,Dale Carnegie,4.7,25001,11,2018,Non Fiction,25
The Four Agreements: A Practical Guide to Personal Freedom (A Toltec Wisdom Book),Don Miguel Ruiz,4.7,23308,6,2018,Non Fiction,26
12 Rules for Life: An Antidote to Chaos,Jordan B. Peterson,4.7,18979,15,2018,Non Fiction,27
Milk and Honey,Rupi Kaur,4.7,17739,8,2018,Non Fiction,28
First 100 Words,Roger Priddy,4.7,17323,4,2018,Non Fiction,29
You Are a Badass: How to Stop Doubting Your Greatness and Start Living an Awesome Life,Jen Sincero,4.7,14331,8,2018,Non Fiction,30
P is for Potty! (Sesame Street) (Lift-the-Flap),Naomi Kleinberg,4.7,10820,5,2018,Non Fiction,31
"A Higher Loyalty: Truth, Lies, and Leadership",James Comey,4.7,5983,3,2018,Non Fiction,32
The Subtle Art of Not Giving a F*ck: A Counterintuitive Approach to Living a Good Life,Mark Manson,4.6,26490,15,2018,Non Fiction,33
Ready Player One: A Novel,Ernest Cline,4.6,22536,12,2018,Fiction,34
"Girl, Wash Your Face: Stop Believing the Lies About Who You Are So You Can Become Who You Were Meant to Be",Rachel Hollis,4.6,22288,12,2018,Non Fiction,35
Fahrenheit 451,Ray Bradbury,4.6,10721,8,2018,Fiction,36
Whose Boat Is This Boat?: Comments That Don't Help in the Aftermath of a Hurricane,The Staff of The Late Show withÂ…,4.6,6669,12,2018,Non Fiction,37
Little Fires Everywhere,Celeste Ng,4.5,25706,12,2018,Fiction,38
"Publication Manual of the American Psychological Association, 6th Edition",American Psychological Association,4.5,8580,46,2018,Non Fiction,39
A Wrinkle in Time (Time Quintet),Madeleine L'Engle,4.5,5153,5,2018,Fiction,40
"The Plant Paradox Cookbook: 100 Delicious Recipes to Help You Lose Weight, Heal Your Gut, and Live Lectin-Free",Dr. Steven R Gundry MD,4.5,3601,18,2018,Non Fiction,41
Lettering and Modern Calligraphy: A Beginner's Guide: Learn Hand Lettering and Brush Lettering,Paper Peony Press,4.4,7550,6,2018,Non Fiction,42
Instant Pot Pressure Cooker Cookbook: 500 Everyday Recipes for Beginners and Advanced Users. Try Easy and Healthyâ€¦,Jennifer Smith,4.4,7396,13,2018,Non Fiction,43
"The Plant Paradox: The Hidden Dangers in ""Healthy"" Foods That Cause Disease and Weight Gain",Dr. Steven R Gundry MD,4.4,7058,17,2018,Non Fiction,44
Fear: Trump in the White House,Bob Woodward,4.4,6042,2,2018,Non Fiction,45
The Complete Ketogenic Diet for Beginners: Your Essential Guide to Living the Keto Lifestyle,Amy Ramos,4.3,13061,6,2018,Non Fiction,46
The President Is Missing: A Novel,James Patterson,4.3,10191,18,2018,Fiction,47
The Instant Pot Electric Pressure Cooker Cookbook: Easy Recipes for Fast & Healthy Meals,Laurel Randolph,4.3,7368,7,2018,Non Fiction,48
Crazy Rich Asians (Crazy Rich Asians Trilogy),Kevin Kwan,4.3,6143,8,2018,Fiction,49
Fire and Fury: Inside the Trump White House,Michael Wolff,4.2,13677,6,2018,Non Fiction,50
"Oh, the Places You'll Go!",Dr. Seuss,4.9,21834,8,2019,Fiction,1
The Very Hungry Caterpillar,Eric Carle,4.9,19546,5,2019,Fiction,2
"Brown Bear, Brown Bear, What Do You See?",Bill Martin Jr.,4.9,14344,5,2019,Fiction,3
Dog Man: Fetch-22: From the Creator of Captain Underpants (Dog Man #8),Dav Pilkey,4.9,12619,8,2019,Fiction,4
Wrecking Ball (Diary of a Wimpy Kid Book 14),Jeff Kinney,4.9,9413,8,2019,Fiction,5
Strange Planet (Strange Planet Series),Nathan W. Pyle,4.9,9382,6,2019,Fiction,6
Dog Man: For Whom the Ball Rolls: From the Creator of Captain Underpants (Dog Man #7),Dav Pilkey,4.9,9089,8,2019,Fiction,7
The Wonderful Things You Will Be,Emily Winfield Martin,4.9,8842,10,2019,Fiction,8
"Harry Potter and the Goblet of Fire: The Illustrated Edition (Harry Potter, Book 4) (4)",J. K. Rowling,4.9,7758,18,2019,Fiction,9
Dog Man: Brawl of the Wild: From the Creator of Captain Underpants (Dog Man #6),Dav Pilkey,4.9,7235,4,2019,Fiction,10
Unfreedom of the Press,Mark R. Levin,4.9,5956,11,2019,Non Fiction,11
Where the Crawdads Sing,Delia Owens,4.8,87841,15,2019,Fiction,12
Becoming,Michelle Obama,4.8,61133,11,2019,Non Fiction,13
The Wonky Donkey,Craig Smith,4.8,30183,4,2019,Fiction,14
To Kill a Mockingbird,Harper Lee,4.8,26234,7,2019,Fiction,15
The 5 Love Languages: The Secret to Love that Lasts,Gary Chapman,4.8,25554,8,2019,Non Fiction,16
"School Zone - Big Preschool Workbook - Ages 4 and Up, Colors, Shapes, Numbers 1-10, Alphabet, Pre-Writing, Pre-Readingâ€¦",School Zone,4.8,23047,6,2019,Non Fiction,17
Player's Handbook (Dungeons & Dragons),Wizards RPG Team,4.8,16990,27,2019,Fiction,18
If Animals Kissed Good Night,Ann Whitford Paul,4.8,16643,4,2019,Fiction,19
Can't Hurt Me: Master Your Mind and Defy the Odds,David Goggins,4.8,16244,18,2019,Non Fiction,20
Giraffes Can't Dance,Giles Andreae,4.8,14038,4,2019,Fiction,21
"The Body Keeps the Score: Brain, Mind, and Body in the Healing of Trauma",Bessel van der Kolk M.D.,4.8,12361,12,2019,Non Fiction,22
"I Am Confident, Brave & Beautiful: A Coloring Book for Girls",Hopscotch Girls,4.8,9737,7,2019,Non Fiction,23
Goodnight Moon,Margaret Wise Brown,4.8,8837,5,2019,Fiction,24
What Should Danny Do? (The Power to Choose Series),Adir Levy,4.8,8170,13,2019,Fiction,25
National Geographic Little Kids First Big Book of Why (National Geographic Little Kids First Big Books),Amy Shields,4.8,7866,11,2019,Non Fiction,26
"Salt, Fat, Acid, Heat: Mastering the Elements of Good Cooking",Samin Nosrat,4.8,7802,20,2019,Non Fiction,27
"5,000 Awesome Facts (About Everything!) (National Geographic Kids)",National Geographic Kids,4.8,7665,12,2019,Non Fiction,28
It's Not Supposed to Be This Way: Finding Unexpected Strength When Disappointments Leave You Shattered,Lysa TerKeurst,4.8,7062,12,2019,Non Fiction,29
Unicorn Coloring Book: For Kids Ages 4-8 (US Edition) (Silly Bear Coloring Books),Silly Bear,4.8,6108,4,2019,Non Fiction,30
Guts,Raina Telgemeier,4.8,5476,7,2019,Non Fiction,31
"National Geographic Kids Why?: Over 1,111 Answers to Everything",Crispin Boyer,4.8,5347,16,2019,Non Fiction,32
Educated: A Memoir,Tara Westover,4.7,28729,15,2019,Non Fiction,33
The Four Agreements: A Practical Guide to Personal Freedom (A Toltec Wisdom Book),Don Miguel Ruiz,4.7,23308,6,2019,Non Fiction,34
You Are a Badass: How to Stop Doubting Your Greatness and Start Living an Awesome Life,Jen Sincero,4.7,14331,8,2019,Non Fiction,35
The Total Money Makeover: Classic Edition: A Proven Plan for Financial Fitness,Dave Ramsey,4.7,11550,10,2019,Non Fiction,36
P is for Potty! (Sesame Street) (Lift-the-Flap),Naomi Kleinberg,4.7,10820,5,2019,Non Fiction,37
The Unofficial Harry Potter Cookbook: From Cauldron Cakes to Knickerbocker Glory--More Than 150 Magical Recipes forâ€¦,Dinah Bucholz,4.7,9030,10,2019,Non Fiction,38
The Subtle Art of Not Giving a F*ck: A Counterintuitive Approach to Living a Good Life,Mark Manson,4.6,26490,15,2019,Non Fiction,39
"Girl, Wash Your Face: Stop Believing the Lies About Who You Are So You Can Become Who You Were Meant to Be",Rachel Hollis,4.6,22288,12,2019,Non Fiction,40
Good Days Start With Gratitude: A 52 Week Guide To Cultivate An Attitude Of Gratitude: Gratitude Journal,Pretty Simple Press,4.6,10141,6,2019,Non Fiction,41
Difficult Riddles For Smart Kids: 300 Difficult Riddles And Brain Teasers Families Will Love (Books for Smart Kids),M Prefontaine,4.6,7955,5,2019,Non Fiction,42
"Girl, Stop Apologizing: A Shame-Free Plan for Embracing and Achieving Your Goals",Rachel Hollis,4.6,7660,12,2019,Non Fiction,43
The Mueller Report,The Washington Post,4.6,2744,12,2019,Non Fiction,44
The Silent Patient,Alex Michaelides,4.5,27536,14,2019,Fiction,45
The Life-Changing Magic of Tidying Up: The Japanese Art of Decluttering and Organizing,Marie KondÅ,4.5,22641,11,2019,Non Fiction,46
The Guardians: A Novel,John Grisham,4.5,13609,14,2019,Fiction,47
Instant Pot Pressure Cooker Cookbook: 500 Everyday Recipes for Beginners and Advanced Users. Try Easy and Healthyâ€¦,Jennifer Smith,4.4,7396,13,2019,Non Fiction,48
The Complete Ketogenic Diet for Beginners: Your Essential Guide to Living the Keto Lifestyle,Amy Ramos,4.3,13061,6,2019,Non Fiction,49
Howard Stern Comes Again,Howard Stern,4.3,5272,16,2019,Non Fiction,50
A Promised Land,Barack Obama,4.9,83212,23,2020,Non Fiction,1
"The Boy, the Mole, the Fox and the Horse",Charlie Mackesy,4.9,53549,15,2020,Non Fiction,2
The Very Hungry Caterpillar,Eric Carle,4.9,35965,7,2020,Non Fiction,3
Dog Man: Grime and Punishment,Dav Pilkey,4.9,31045,6,2020,Fiction,4
The Deep End (Diary of a Wimpy Kid Book 15),Jeff Kinney,4.9,26047,7,2020,Fiction,5
"Brown Bear, Brown Bear, What Do You See?", Bill Martin Jr.,4.9,25321,5,2020,Fiction,6
I Love You to the Moon and Back,Amelia Hepworth,4.9,24356,1,2020,Fiction,7
Chicka Chicka Boom Boom ,Bill Martin Jr.,4.9,20705,4,2020,Fiction,8
"Magnolia Table, Volume 2",Joanna Gaines,4.9,16515,17,2020,Non Fiction,9
Where the Crawdads Sing,Delia Owens,4.8,120727,9,2020,Fiction,10
Becoming ,Michelle Obama,4.8,99498,10,2020,Non Fiction,11
Midnight Sun,Stephenie Meyer,4.8,64215,13,2020,Fiction,12
The Wonky Donkey,Craig Smith,4.8,51255,5,2020,Fiction,13
My First Learn to Write Workbook,Crystal Radke,4.8,45694,15,2020,Non Fiction,14
School Zone,School Zone,4.8,45485,8,2020,Fiction,15
The 5 Love Languages: The Secret to Love that Lasts,Gary Chapman,4.8,44174,8,2020,Non Fiction,16
Untamed,Glennon Doyle,4.8,41567,15,2020,Non Fiction,17
Atomic Habits: An Easy & Proven Way to Build Good Habits & Break Bad Ones,James Clear,4.8,29634,12,2020,Non Fiction,18
"Prayer Journal for Women: 52 Week Scripture, Devotional & Guided Prayer Journal",Shannon Roberts,4.8,26462,10,2020,Non Fiction,19
"The Body Keeps the Score: Brain, Mind, and Body in the Healing of Trauma",Bessel van der Kolk M.D.,4.8,24327,8,2020,Non Fiction,20
Giraffes Can't Dance,Giles Andreae,4.8,23356,6,2020,Fiction,21
Caste (Oprah's Book Club): The Origins of Our Discontents,Isabel Wilkerson,4.8,21967,19,2020,Non Fiction,22
"I Am Confident, Brave & Beautiful: A Coloring Book for Girls",Hopscotch Girls,4.8,20485,9,2020,Non Fiction,23
Live Free Or Die: America (and the World) on the Brink,Sean Hannity,4.8,20153,15,2020,Non Fiction,24
How to Catch a Unicorn,Adam Wallace,4.8,19988,5,2020,Fiction,25
How to Be an Antiracist,Ibram X. Kendi,4.8,19555,13,2020,Non Fiction,26
How to Catch a Mermaid,Adam Wallace,4.8,17538,6,2020,Fiction,27
What Should Danny Do?,Adir Levy,4.8,14705,13,2020,Fiction,28
Paint by Sticker Kids: Zoo Animals: Create 10 Pictures One Sticker at a Time!, Workman Publishing,4.8,12852,6,2020,Fiction,29
Paint by Sticker Kids: Unicorns & Magic: Create 10 Pictures One Sticker at a Time! Includes Glitter Stickers, Workman Publishing,4.8,12643,9,2020,Fiction,30
Modern Comfort Food: A Barefoot Contessa Cookbook,Ina Garten,4.8,11769,21,2020,Non Fiction,31
The Four Agreements: A Practical Guide to Personal Freedom,Don Miguel Ruiz ,4.7,45368,6,2020,Non Fiction,32
Educated: A Memoir, Tara Westover ,4.7,45351,11,2020,Non Fiction,33
The Ballad of Songbirds and Snakes,Suzanne Collins,4.7,37173,14,2020,Fiction,34
Rage,Bob Woodward,4.7,27788,15,2020,Non Fiction,35
Greenlights,Matthew McConaughey,4.7,26740,18,2020,Non Fiction,36
"The Splendid and the Vile: A Saga of Churchill, Family, and Defiance During the Blitz",Erik Larson,4.7,15424,19,2020,Non Fiction,37
Human Body Activity Book for Kids: Hands-On Fun for Grades K-3,Katie Stokes,4.7,14128,5,2020,Non Fiction,38
Get Out of Your Head: Stopping the Spiral of Toxic Thoughts,Jennie Allen,4.7,12879,14,2020,Non Fiction,39
The Big Book of Silly Jokes for Kids,Carole P. Roman,4.7,11668,9,2020,Fiction,40
Too Much and Never Enough: How My Family Created the World's Most Dangerous Man,Mary L. Trump Ph.D. ,4.6,94196,17,2020,Non Fiction,41
American Dirt (Oprah's Book Club),Jeanine Cummins,4.6,41716,17,2020,Fiction,42
Burn After Writing,Sharon Jones,4.6,26423,8,2020,Non Fiction,43
The Silent Patient ,Alex Michaelides,4.5,61060,15,2020,Fiction,44
Little Fires Everywhere,Celeste Ng,4.5,43514,10,2020,Fiction,45
If Animals Kissed Good Night,Ann Whitford Paul,4.5,39063,4,2020,Fiction,46
The Vanishing Half,Brit Bennett,4.4,42235,16,2020,Fiction,47
The Room Where It Happened: A White House Memoir,John Bolton,4.3,44608,12,2020,Non Fiction,48
White Fragility: Why It's So Hard for White People to Talk About Racism,Robin DiAngelo,4.3,31125,10,2020,Non Fiction,49
Wacky Waving Inflatable Tube Guy,Conor Riordan ,4,25510,7,2020,Fiction,50